{"cameraMode":{"drawMode":0,"name":"Shaded","section":"Shading Mode"},"sceneLighting":true,"audioPlay":false,"sceneViewState":{"showFog":true,"showMaterialUpdate":false,"showSkybox":true,"showFlares":true,"showImageEffects":true,"showParticleSystems":true},"in2DMode":false,"pivot":{"x":0.12259378284215927,"y":-0.16303034126758576,"z":1.1448272466659547},"rotation":{"x":-0.3563867211341858,"y":-0.09311926364898682,"z":0.03572278842329979,"w":-0.9290000796318054},"size":0.928578794002533,"orthographic":false}