{"cameraMode":{"drawMode":0,"name":"Shaded","section":"Shading Mode"},"sceneLighting":true,"audioPlay":false,"sceneViewState":{"showFog":true,"showMaterialUpdate":false,"showSkybox":true,"showFlares":true,"showImageEffects":true,"showParticleSystems":true},"in2DMode":false,"pivot":{"x":0.03167217969894409,"y":-0.1827908158302307,"z":0.9558849334716797},"rotation":{"x":-0.7759127020835877,"y":0.009837471880018711,"z":-0.012103432789444924,"w":-0.6306474804878235},"size":0.928578794002533,"orthographic":false}