{"cameraMode":{"drawMode":0,"name":"Shaded","section":"Shading Mode"},"sceneLighting":true,"audioPlay":false,"sceneViewState":{"showFog":true,"showMaterialUpdate":false,"showSkybox":true,"showFlares":true,"showImageEffects":true,"showParticleSystems":true},"in2DMode":false,"pivot":{"x":0.02190588414669037,"y":-0.15958356857299806,"z":0.8669065237045288},"rotation":{"x":-0.8062450289726257,"y":-0.004083038307726383,"z":0.0055650342255830769,"w":-0.5915413498878479},"size":0.928578794002533,"orthographic":false}