{"cameraMode":{"drawMode":0,"name":"Shaded","section":"Shading Mode"},"sceneLighting":true,"audioPlay":false,"sceneViewState":{"showFog":true,"showMaterialUpdate":false,"showSkybox":true,"showFlares":true,"showImageEffects":true,"showParticleSystems":true},"in2DMode":false,"pivot":{"x":1.2078057527542115,"y":-0.8297477960586548,"z":2.4200279712677},"rotation":{"x":-0.13156068325042725,"y":-0.21904242038726808,"z":0.029820503666996957,"w":-0.9663516283035278},"size":6.163760185241699,"orthographic":false}