{"cameraMode":{"drawMode":0,"name":"Shaded","section":"Shading Mode"},"sceneLighting":true,"audioPlay":false,"sceneViewState":{"showFog":true,"showMaterialUpdate":false,"showSkybox":true,"showFlares":true,"showImageEffects":true,"showParticleSystems":true},"in2DMode":false,"pivot":{"x":0.015380859375,"y":0.98583984375,"z":0.16220855712890626},"rotation":{"x":0.3166191875934601,"y":0.5920242071151733,"z":-0.27188363671302798,"w":0.689478874206543},"size":1.518147587776184,"orthographic":true}