{"cameraMode":{"drawMode":0,"name":"Shaded","section":"Shading Mode"},"sceneLighting":true,"audioPlay":false,"sceneViewState":{"showFog":true,"showMaterialUpdate":false,"showSkybox":true,"showFlares":true,"showImageEffects":true,"showParticleSystems":true},"in2DMode":false,"pivot":{"x":0.5119706392288208,"y":0.6796755790710449,"z":0.7579109072685242},"rotation":{"x":-0.20372241735458375,"y":-0.32194527983665469,"z":-0.07114864885807038,"w":0.9218393564224243},"size":1.1773297786712647,"orthographic":false}