{"cameraMode":{"drawMode":0,"name":"Shaded","section":"Shading Mode"},"sceneLighting":true,"audioPlay":false,"sceneViewState":{"showFog":true,"showMaterialUpdate":false,"showSkybox":true,"showFlares":true,"showImageEffects":true,"showParticleSystems":true},"in2DMode":false,"pivot":{"x":-0.12139101326465607,"y":0.10534302890300751,"z":0.3760633170604706},"rotation":{"x":-0.05131923034787178,"y":-0.10019944608211518,"z":-0.0051529742777347569,"w":0.9936296939849854},"size":0.6230608224868774,"orthographic":false}